freq,amp
1,0.000335
2,0.000453
3,0.000602
4,0.000785
5,0.001005
6,0.001264
7,0.001566
8,0.001915
9,0.002314
10,0.002768
11,0.003281
12,0.003858
13,0.004503
14,0.005222
15,0.006019
16,0.006898
17,0.007864
18,0.008921
19,0.010073
20,0.011325
21,0.012681
22,0.014144
23,0.015719
24,0.017409
25,0.019218
26,0.021148
27,0.023203
28,0.025384
29,0.027692
30,0.030129
