freq,amp
1,0.00001
5,0.00034
10,0.00122
20,0.00422
30,0.00890
40,0.01550
48,1.00000
56,0.05010
70,0.01020
90,0.00130
110,0.00010
